,BEGIN_LAT,BEGIN_LON,END_LAT,END_LON,BEGIN_YEARMONTH,BEGIN_DAY,BEGIN_TIME,END_YEARMONTH,END_DAY,END_TIME
1297855,38.77,-90.22,38.82,-90.12,195001,3,1100,195001,3,1100
1298005,38.82,-90.1,38.83,-90.03,195001,3,1110,195001,3,1110
1298006,39.1,-89.3,39.12,-89.23,195001,3,1155,195001,3,1155
1297935,40.88,-84.58,,,195001,3,1600,195001,3,1600
1297949,34.4,-94.37,,,195001,13,525,195001,13,525
1297942,37.6,-90.68,37.63,-90.65,195001,25,1930,195001,25,1930
1298007,41.17,-87.33,,,195001,25,2100,195001,25,2100
1297809,26.88,-98.12,26.88,-98.05,195001,26,1800,195001,26,1800
1297946,29.42,-95.25,29.52,-95.13,195002,11,1310,195002,11,1310
1297810,29.67,-95.05,29.83,-95.0,195002,11,1350,195002,11,1350
1297811,32.35,-95.2,32.42,-95.2,195002,11,2100,195002,11,2100
1297812,32.98,-94.63,33.0,-94.7,195002,11,2355,195002,11,2355
1297813,33.33,-94.42,33.45,-94.42,195002,12,30,195002,12,30
1297814,32.08,-98.35,32.1,-98.33,195002,12,115,195002,12,115
1297815,31.52,-96.55,31.57,-96.55,195002,12,610,195002,12,610
1297816,31.8,-94.2,31.88,-94.12,195002,12,1157,195002,12,1157
1297817,31.8,-94.2,31.8,-94.18,195002,12,1200,195002,12,1200
1297843,34.6,-89.12,,,195002,12,1200,195002,12,1200
1297844,34.6,-89.12,,,195002,12,1200,195002,12,1200
1297865,34.48,-92.4,,,195002,12,1230,195002,12,1230
1297906,31.97,-94.0,32.35,-93.77,195002,12,1300,195002,12,1300
1297907,32.2,-93.58,32.8,-93.23,195002,12,1320,195002,12,1320
1297908,31.63,-93.65,31.83,-93.47,195002,12,1400,195002,12,1400
1297909,32.35,-93.77,32.47,-93.7,195002,12,1400,195002,12,1400
1297910,32.47,-93.7,32.85,-93.43,195002,12,1420,195002,12,1420
1297950,32.8,-93.23,32.97,-93.17,195002,12,1420,195002,12,1420
1297911,31.83,-93.47,32.0,-93.27,195002,12,1430,195002,12,1430
1297866,33.27,-92.95,33.35,-92.95,195002,12,1500,195002,12,1500
1297912,32.0,-93.27,32.18,-93.2,195002,12,1500,195002,12,1500
1297913,32.85,-93.43,33.0,-93.3,195002,12,1500,195002,12,1500
1297914,32.18,-93.2,32.55,-93.03,195002,12,1520,195002,12,1520
1297915,32.6,-91.33,,,195002,12,2300,195002,12,2300
1297997,35.35,-89.77,,,195002,13,100,195002,13,100
1297998,35.75,-89.48,,,195002,13,200,195002,13,200
1297822,35.55,-97.6,,,195002,27,1020,195002,27,1020
1297845,32.5,-88.85,,,195003,1,230,195003,1,230
1297869,29.65,-81.22,,,195003,16,915,195003,16,915
1297916,30.45,-93.45,,,195003,19,730,195003,19,730
1297917,29.7,-90.1,29.67,-89.8,195003,19,1315,195003,19,1315
1297918,30.1,-91.0,,,195003,19,1315,195003,19,1315
1297867,34.12,-93.07,34.17,-93.03,195003,26,1930,195003,26,1930
1297885,34.17,-93.03,34.32,-92.88,195003,26,1930,195003,26,1930
1297877,36.15,-91.83,36.2,-91.75,195003,26,1931,195003,26,1931
1297878,34.7,-92.35,34.8,-92.22,195003,26,2030,195003,26,2030
1297879,34.98,-91.73,35.08,-91.5,195003,26,2115,195003,26,2115
1297880,35.1,-91.4,35.15,-91.33,195003,26,2330,195003,26,2330
1297823,34.85,-95.75,,,195003,27,300,195003,27,300
1297846,33.17,-90.55,,,195003,27,500,195003,27,500
1297979,32.63,-91.28,32.73,-91.05,195003,27,600,195003,27,600
1297847,33.13,-89.57,33.25,-89.42,195003,27,730,195003,27,730
1297848,32.28,-90.27,32.3,-90.12,195003,27,745,195003,27,745
1297849,32.28,-90.27,32.3,-90.17,195003,27,745,195003,27,745
1297850,32.3,-90.12,32.98,-89.82,195003,27,800,195003,27,800
1297851,32.3,-90.17,32.48,-89.78,195003,27,805,195003,27,805
1297980,30.92,-91.13,,,195003,27,830,195003,27,830
1297852,33.67,-88.78,33.72,-88.73,195003,27,845,195003,27,845
1297853,34.73,-88.27,,,195003,27,1100,195003,27,1100
1297999,35.68,-85.77,,,195003,27,1500,195003,27,1500
1298008,40.57,-88.6,40.6,-88.55,195003,27,1630,195003,27,1630
1297886,35.75,-91.22,,,195004,2,1530,195004,2,1530
1297824,35.82,-97.02,,,195004,2,1800,195004,2,1800
1297874,35.98,-89.92,,,195004,2,1800,195004,2,1800
1297825,36.13,-95.83,,,195004,3,1615,195004,3,1615
1297948,30.67,-88.2,30.85,-88.1,195004,18,130,195004,18,130
1297883,30.7,-87.92,,,195004,18,145,195004,18,145
1297981,30.1,-90.03,,,195004,24,745,195004,24,745
1297900,33.07,-80.0,,,195004,27,1600,195004,27,1600
1297826,34.88,-99.28,35.0,-99.2,195004,28,1417,195004,28,1417
1297827,35.0,-99.2,35.12,-99.2,195004,28,1435,195004,28,1435
1297792,35.12,-99.2,35.17,-99.2,195004,28,1445,195004,28,1445
1297919,38.12,-95.85,38.35,-95.63,195004,28,1700,195004,28,1700
1297818,32.42,-99.5,32.42,-99.48,195004,28,1800,195004,28,1800
1297828,35.08,-96.4,35.13,-96.35,195004,28,1905,195004,28,1905
1297829,34.55,-96.2,,,195004,28,1930,195004,28,1930
1297854,31.27,-89.83,31.38,-89.7,195004,29,1200,195004,29,1200
1297793,31.9,-98.6,31.73,-98.6,195004,29,1530,195004,29,1530
1297982,31.7,-93.3,,,195005,1,100,195005,1,100
1297862,31.73,-91.07,,,195005,1,500,195005,1,500
1297863,31.55,-91.38,,,195005,1,900,195005,1,900
1297983,31.95,-92.63,32.05,-92.4,195005,1,1030,195005,1,1030
1297984,31.55,-92.9,31.57,-92.85,195005,1,1125,195005,1,1125
1297985,31.75,-92.25,,,195005,1,1130,195005,1,1130
1297986,31.38,-91.73,,,195005,1,1130,195005,1,1130
1297987,31.67,-92.9,31.72,-92.83,195005,2,200,195005,2,200
1297988,31.72,-92.83,32.0,-92.5,195005,2,200,195005,2,200
1297989,31.55,-91.97,,,195005,2,300,195005,2,300
1297920,38.68,-99.32,,,195005,4,2000,195005,4,2000
1297819,36.4,-100.8,36.42,-100.77,195005,4,2030,195005,4,2030
1297926,40.95,-95.73,,,195005,4,2100,195005,4,2100
1297830,35.58,-99.17,,,195005,4,2130,195005,4,2130
1297831,35.25,-99.55,35.32,-99.5,195005,4,2130,195005,4,2130
1297832,36.57,-99.57,,,195005,4,2145,195005,4,2145
1297921,38.03,-99.12,38.27,-98.92,195005,4,2310,195005,4,2310
1297922,38.27,-98.92,38.45,-98.78,195005,4,2330,195005,4,2330
1297923,39.62,-95.62,39.65,-95.57,195005,5,330,195005,5,330
1297924,39.65,-95.57,39.85,-95.52,195005,5,340,195005,5,340
1297833,36.3,-99.8,,,195005,7,1830,195005,7,1830
1297834,36.0,-97.0,,,195005,7,2300,195005,7,2300
1297835,36.12,-97.83,36.17,-97.78,195005,7,2300,195005,7,2300
1297925,43.38,-97.97,,,195005,8,430,195005,8,430
1297870,29.13,-81.35,,,195005,8,1300,195005,8,1300
1297940,39.35,-98.48,39.47,-98.3,195005,8,1830,195005,8,1830
1297941,39.57,-98.3,39.63,-98.2,195005,8,1900,195005,8,1900
1297927,41.03,-95.27,41.02,-95.22,195005,8,1920,195005,8,1920
1297947,39.23,-98.95,39.23,-98.58,195005,8,1930,195005,8,1930
1297964,39.4,-97.65,,,195005,8,2117,195005,8,2117
1297968,39.72,-97.77,,,195005,8,2130,195005,8,2130
1297804,40.38,-95.8,40.28,-95.68,195005,8,2210,195005,8,2210
1297969,39.2,-96.58,,,195005,9,1,195005,9,1
1297836,34.77,-96.83,,,195005,9,2020,195005,9,2020
1297943,41.18,-110.42,,,195005,10,1300,195005,10,1300
1297837,36.82,-100.52,,,195005,11,1830,195005,11,1830
1297890,35.75,-77.42,,,195005,12,1400,195005,12,1400
1297891,35.73,-78.4,,,195005,12,1700,195005,12,1700
1297892,35.73,-78.4,,,195005,12,1700,195005,12,1700
1297990,31.15,-91.95,,,195005,13,1130,195005,13,1130
1297820,29.53,-95.45,,,195005,14,1600,195005,14,1600
1297893,35.3,-79.8,35.33,-79.75,195005,14,1700,195005,14,1700
1297894,35.0,-80.68,,,195005,14,1730,195005,14,1730
1297821,29.78,-98.83,29.67,-98.57,195005,15,1,195005,15,1
1297871,28.58,-81.37,,,195005,15,1100,195005,15,1100
1297872,28.5,-81.37,,,195005,15,1100,195005,15,1100
1297970,37.55,-98.42,,,195005,16,1800,195005,16,1800
1297838,35.82,-99.12,35.87,-99.0,195005,16,1930,195005,16,1930
1297805,40.22,-100.63,,,195005,18,1515,195005,18,1515
1297971,39.85,-98.3,,,195005,18,1900,195005,18,1900
1297972,38.12,-96.82,38.33,-96.82,195005,18,1900,195005,18,1900
1297973,37.82,-96.85,,,195005,19,130,195005,19,130
1297839,35.67,-99.23,,,195005,22,1239,195005,22,1239
1297974,39.75,-99.32,,,195005,23,1800,195005,23,1800
1297975,37.27,-99.48,37.28,-99.42,195005,24,1330,195005,24,1330
1297976,39.38,-96.97,39.45,-96.78,195005,24,1730,195005,24,1730
1297840,36.45,-99.03,,,195005,24,2130,195005,24,2130
1297928,32.67,-101.88,32.65,-101.85,195005,25,1630,195005,25,1630
1297841,36.38,-95.27,,,195005,29,1448,195005,29,1448
1297929,33.35,-96.92,33.3,-96.92,195005,29,1700,195005,29,1700
1297991,32.1,-93.9,,,195005,29,2300,195005,29,2300
1297992,31.67,-93.7,,,195005,29,2300,195005,29,2300
1297993,34.75,-84.92,,,195005,30,1400,195005,30,1400
1297895,35.42,-77.25,,,195005,31,1530,195005,31,1530
1297864,33.08,-89.58,,,195006,3,100,195006,3,100
1297994,33.68,-84.93,,,195006,4,600,195006,4,600
1297995,33.85,-84.25,33.85,-84.2,195006,4,800,195006,4,800
1297930,30.18,-96.4,30.02,-96.05,195006,5,1555,195006,5,1555
1297931,29.9,-96.4,29.72,-96.07,195006,5,1600,195006,5,1600
1297944,43.08,-104.5,,,195006,7,1530,195006,7,1530
1297996,33.03,-84.15,,,195006,7,1730,195006,7,1730
1297977,38.33,-97.93,38.33,-97.92,195006,8,2010,195006,8,2010
1297978,38.33,-97.92,38.33,-97.6,195006,8,2015,195006,8,2015
1297856,38.0,-92.22,38.02,-92.17,195006,9,1300,195006,9,1300
1297842,36.8,-97.25,,,195006,9,1825,195006,9,1825
1297953,41.95,-89.77,,,195006,13,300,195006,13,300
1297938,46.8,-97.92,,,195006,13,1105,195006,13,1105
1297806,42.6,-97.88,42.65,-97.82,195006,13,1730,195006,13,1730
1297945,44.13,-104.18,,,195006,14,1600,195006,14,1600
1297939,48.92,-103.77,48.78,-103.28,195006,14,1700,195006,14,1700
1297857,39.7,-92.07,,,195006,15,100,195006,15,100
1297868,46.58,-96.33,46.52,-96.33,195006,15,1642,195006,15,1642
1297933,41.98,-93.6,41.97,-93.48,195006,15,2000,195006,15,2000
1298000,38.28,-101.28,38.7,-101.13,195006,16,1530,195006,16,1530
1297932,36.08,-102.53,36.08,-102.25,195006,19,2040,195006,19,2040
1297794,40.18,-98.03,40.2,-97.98,195006,22,2100,195006,22,2100
1298001,37.77,-97.47,,,195006,25,1845,195006,25,1845
1298009,45.42,-91.0,,,195006,25,1920,195006,25,1920
1298010,45.57,-90.3,45.57,-90.12,195006,25,2030,195006,25,2030
1298002,39.5,-99.62,,,195006,25,2100,195006,25,2100
1298011,44.83,-90.35,44.92,-90.32,195006,25,2100,195006,25,2100
1298012,45.58,-89.58,45.67,-89.33,195006,25,2100,195006,25,2100
1298013,44.92,-90.32,44.97,-90.28,195006,25,2110,195006,25,2110
1298014,43.95,-88.95,43.97,-88.93,195006,25,2330,195006,25,2330
1298003,39.3,-96.92,,,195007,1,1200,195007,1,1200
1298004,38.7,-97.08,,,195007,1,1200,195007,1,1200
1297934,42.45,-91.92,,,195007,1,2000,195007,1,2000
1297960,38.47,-100.88,,,195007,2,1900,195007,2,1900
1297899,41.65,-86.3,,,195007,3,1820,195007,3,1820
1297798,40.58,-75.7,40.65,-75.47,195007,5,1800,195007,5,1800
1297799,40.6,-76.75,,,195007,5,1830,195007,5,1830
1297961,39.82,-96.8,,,195007,8,2245,195007,8,2245
1297859,35.28,-103.52,35.33,-103.48,195007,11,1700,195007,11,1700
1297884,41.57,-72.57,,,195007,12,1600,195007,12,1600
1297952,41.27,-73.5,,,195007,14,630,195007,14,630
1297807,41.8,-96.6,41.73,-96.42,195007,15,1730,195007,15,1730
1297954,41.08,-88.43,,,195007,16,2215,195007,16,2215
1297962,37.68,-95.52,,,195007,18,1630,195007,18,1630
1297904,40.22,-87.15,40.18,-87.07,195007,19,1430,195007,19,1430
1297936,40.8,-84.62,40.82,-84.58,195007,19,1515,195007,19,1515
1297937,40.72,-84.08,40.83,-83.97,195007,19,1515,195007,19,1515
1297858,38.42,-92.77,,,195007,19,1600,195007,19,1600
1297905,41.07,-85.08,41.08,-85.08,195007,19,1745,195007,19,1745
1297901,40.52,-104.57,,,195007,22,1507,195007,22,1507
1297800,41.63,-79.68,,,195007,24,1440,195007,24,1440
1297896,35.53,-77.4,,,195007,26,1530,195007,26,1530
1297897,35.4,-80.57,,,195007,27,1620,195007,27,1620
1297860,34.12,-107.23,34.02,-107.3,195008,2,1230,195008,2,1230
1297902,40.73,-102.55,40.72,-102.52,195008,5,1730,195008,5,1730
1297903,40.7,-102.5,40.68,-102.47,195008,5,1735,195008,5,1735
1297963,39.93,-101.0,,,195008,6,1500,195008,6,1500
1297965,37.97,-100.77,,,195008,6,1800,195008,6,1800
1297966,39.13,-100.63,39.12,-100.47,195008,6,1830,195008,6,1830
1297861,37.13,-93.38,,,195008,8,100,195008,8,100
1297951,39.28,-81.38,,,195008,9,1655,195008,9,1655
1297873,39.33,-75.87,,,195008,11,1700,195008,11,1700
1297875,34.4,-91.43,34.43,-91.38,195008,24,345,195008,24,345
1297967,37.47,-100.82,37.42,-100.7,195008,28,1450,195008,28,1450
1297801,40.22,-75.0,,,195008,29,1600,195008,29,1600
1297887,29.73,-84.98,,,195008,30,1600,195008,30,1600
1297888,30.8,-85.2,,,195008,31,2,195008,31,2
1297795,35.0,-96.25,35.07,-96.17,195009,15,1745,195009,15,1745
1297796,34.83,-95.85,,,195009,16,130,195009,16,130
1297808,40.72,-96.82,40.72,-96.38,195009,21,1730,195009,21,1730
1297797,36.73,-102.52,36.88,-102.3,195010,1,2100,195010,1,2100
1297898,34.17,-78.6,,,195010,9,215,195010,9,215
1297802,40.2,-76.12,40.27,-76.07,195011,4,1700,195011,4,1700
1297803,40.27,-76.07,40.4,-75.93,195011,4,1730,195011,4,1730
1297881,37.37,-87.2,,,195011,20,220,195011,20,220
1297882,38.2,-84.5,,,195011,20,400,195011,20,400
1297889,32.42,-89.13,,,195011,20,730,195011,20,730
1297955,38.97,-90.05,39.0,-89.92,195012,2,1500,195012,2,1500
1297956,39.0,-89.92,39.07,-89.72,195012,2,1515,195012,2,1515
1297957,38.75,-89.67,38.8,-89.6,195012,2,1600,195012,2,1600
1297958,38.8,-89.6,38.9,-89.38,195012,2,1600,195012,2,1600
1297876,36.12,-91.83,36.18,-91.72,195012,2,1625,195012,2,1625
1297959,38.17,-89.78,38.22,-89.62,195012,2,1730,195012,2,1730
1298237,31.3,-92.47,31.43,-92.43,195101,6,1730,195101,6,1730
1298241,31.43,-92.43,31.53,-92.4,195101,6,1740,195101,6,1740
1298116,37.37,-122.12,37.42,-122.03,195101,11,1025,195101,11,1025
1298206,37.37,-78.78,,,195102,1,1300,195102,1,1300
1298242,30.5,-92.0,,,195102,6,1550,195102,6,1550
1298243,30.48,-90.42,30.53,-90.37,195102,6,1700,195102,6,1700
1298024,35.27,-98.18,35.37,-98.13,195102,19,1830,195102,19,1830
1298039,35.37,-98.13,35.83,-97.83,195102,19,1835,195102,19,1835
1298040,35.15,-97.45,,,195102,19,2200,195102,19,2200
1298136,34.6,-92.02,34.73,-91.7,195102,20,915,195102,20,915
1298137,34.73,-91.7,35.55,-90.4,195102,20,915,195102,20,915
1298128,33.47,-88.48,,,195102,20,1500,195102,20,1500
1298129,33.45,-88.87,,,195102,20,1500,195102,20,1500
1298105,33.67,-87.7,,,195102,20,1600,195102,20,1600
1298103,38.27,-85.05,,,195102,20,1800,195102,20,1800
1298230,39.43,-98.55,39.6,-97.87,195103,2,1600,195103,2,1600
1298231,39.83,-95.72,,,195103,2,2030,195103,2,2030
1298119,27.1,-82.48,,,195103,12,1700,195103,12,1700
1298018,31.37,-95.6,,,195103,28,510,195103,28,510
1298153,39.78,-85.77,39.82,-85.72,195103,29,1830,195103,29,1830
1298026,39.83,-77.23,,,195103,30,1500,195103,30,1500
1298041,35.32,-97.55,35.37,-97.47,195104,5,1320,195104,5,1320
1298042,35.23,-97.72,,,195104,5,1322,195104,5,1322
1298043,36.53,-98.92,36.57,-98.87,195104,5,1645,195104,5,1645
1298160,33.92,-98.45,,,195104,20,1510,195104,20,1510
1298251,37.12,-101.77,,,195104,20,1530,195104,20,1530
1298130,32.07,-89.52,,,195104,21,1200,195104,21,1200
1298244,31.72,-92.25,,,195104,21,1400,195104,21,1400
1298245,32.33,-92.32,,,195104,21,1400,195104,21,1400
1298131,31.68,-89.25,31.8,-89.2,195104,21,1925,195104,21,1925
1298132,31.8,-89.2,32.15,-89.12,195104,21,1940,195104,21,1940
1298044,35.78,-99.0,,,195104,24,1730,195104,24,1730
1298045,34.63,-99.6,,,195104,24,1803,195104,24,1803
1298046,36.75,-97.4,,,195104,24,2100,195104,24,2100
1298252,37.47,-101.52,37.73,-101.1,195104,26,1810,195104,26,1810
1298253,37.17,-101.62,,,195104,26,1815,195104,26,1815
1298047,36.82,-100.53,,,195104,26,1915,195104,26,1915
1298254,37.07,-100.93,,,195104,26,1915,195104,26,1915
1298255,37.08,-101.77,,,195104,26,1930,195104,26,1930
1298048,36.33,-98.2,,,195104,27,1420,195104,27,1420
1298191,41.0,-83.67,41.1,-83.4,195104,28,2055,195104,28,2055
1298025,40.9,-74.6,,,195104,29,1815,195104,29,1815
1298256,37.63,-98.75,37.77,-98.58,195104,30,530,195104,30,530
1298030,41.08,-98.0,,,195104,30,900,195104,30,900
1298049,34.62,-98.08,,,195104,30,2030,195104,30,2030
1298050,35.5,-97.58,,,195104,30,2130,195104,30,2130
1298051,35.43,-97.58,35.5,-97.48,195104,30,2130,195104,30,2130
1298257,37.1,-96.5,,,195104,30,2345,195104,30,2345
1298258,39.03,-95.8,,,195105,2,1930,195105,2,1930
1298259,39.4,-95.4,,,195105,2,2030,195105,2,2030
1298021,42.7,-84.05,42.73,-84.0,195105,3,1335,195105,3,1335
1298020,38.38,-101.55,,,195105,8,1800,195105,8,1800
1298260,39.3,-95.5,39.33,-95.47,195105,9,700,195105,9,700
1298161,33.93,-98.68,33.93,-98.77,195105,9,1700,195105,9,1700
1298016,34.45,-98.32,,,195105,9,1830,195105,9,1830
1298052,34.0,-96.6,34.12,-96.52,195105,9,2020,195105,9,2020
1298053,34.12,-96.52,34.18,-96.47,195105,9,2020,195105,9,2020
1298261,38.78,-95.55,,,195105,9,2100,195105,9,2100
1298027,40.12,-79.12,40.05,-78.98,195105,11,1330,195105,11,1330
1298207,37.55,-76.73,,,195105,11,1500,195105,11,1500
1298031,41.58,-99.93,,,195105,13,1900,195105,13,1900
1298262,39.08,-99.5,,,195105,13,2200,195105,13,2200
1298263,39.37,-101.37,,,195105,14,1730,195105,14,1730
1298054,36.9,-101.9,,,195105,14,1800,195105,14,1800
1298055,36.87,-101.9,,,195105,14,1800,195105,14,1800
1298264,37.0,-101.9,,,195105,14,1830,195105,14,1830
1298265,39.78,-101.33,,,195105,14,1930,195105,14,1930
1298162,34.5,-102.3,,,195105,15,1830,195105,15,1830
1298056,35.2,-99.87,,,195105,16,1000,195105,16,1000
1298145,39.33,-104.62,,,195105,17,1835,195105,17,1835
1298163,33.42,-98.75,,,195105,18,1545,195105,18,1545
1298057,34.78,-98.28,,,195105,18,1730,195105,18,1730
1298058,34.78,-98.27,,,195105,18,1730,195105,18,1730
1298068,34.78,-98.23,,,195105,18,1730,195105,18,1730
1298069,35.33,-99.87,,,195105,19,1915,195105,19,1915
1298070,36.0,-98.95,,,195105,19,1930,195105,19,1930
1298071,35.43,-99.63,,,195105,19,2012,195105,19,2012
1298146,40.98,-102.27,,,195105,20,1400,195105,20,1400
1298147,40.98,-102.27,41.02,-102.15,195105,20,1500,195105,20,1500
1298148,40.98,-102.27,41.05,-102.08,195105,20,1500,195105,20,1500
1298266,37.97,-101.25,,,195105,20,1900,195105,20,1900
1298267,37.9,-101.2,38.02,-101.02,195105,20,1900,195105,20,1900
1298268,39.78,-101.38,,,195105,20,1900,195105,20,1900
1298269,39.03,-96.97,,,195105,21,100,195105,21,100
1298270,37.53,-101.75,,,195105,21,1900,195105,21,1900
1298238,31.83,-81.5,,,195105,23,423,195105,23,423
1298239,31.3,-83.83,31.27,-83.68,195105,23,1530,195105,23,1530
1298164,33.37,-99.9,,,195105,24,1700,195105,24,1700
1298271,39.45,-97.5,,,195105,25,1430,195105,25,1430
1298272,39.27,-97.18,39.32,-97.13,195105,25,1600,195105,25,1600
1298273,39.93,-97.43,,,195105,25,1800,195105,25,1800
1298092,40.4,-95.17,,,195105,25,2100,195105,25,2100
1298120,29.85,-84.68,,,195105,26,930,195105,26,930
1298121,30.18,-82.63,,,195105,26,1230,195105,26,1230
1298032,41.9,-103.5,41.73,-103.18,195105,30,1434,195105,30,1434
1298033,40.47,-101.55,,,195105,30,1820,195105,30,1820
1298274,38.83,-99.27,38.87,-99.32,195105,30,2000,195105,30,2000
1298275,39.4,-97.18,,,195105,30,2250,195105,30,2250
1298276,39.25,-96.58,,,195105,30,2250,195105,30,2250
1298277,39.4,-96.03,,,195105,30,2250,195105,30,2250
1298278,39.47,-95.73,,,195105,30,2250,195105,30,2250
1298279,39.28,-97.02,,,195105,30,2250,195105,30,2250
1298280,39.13,-97.05,39.22,-96.93,195105,30,2250,195105,30,2250
1298281,39.35,-96.45,39.4,-96.32,195105,30,2250,195105,30,2250
1298059,35.77,-101.38,,,195105,31,1600,195105,31,1600
1298165,39.37,-95.4,39.4,-95.35,195105,31,2345,195105,31,2345
1298022,42.75,-84.75,,,195106,1,1800,195106,1,1800
1298166,39.73,-97.98,39.78,-97.78,195106,1,2000,195106,1,2000
1298186,42.07,-92.92,,,195106,1,2115,195106,1,2115
1298090,33.1,-104.8,,,195106,5,1530,195106,5,1530
1298072,36.53,-101.8,,,195106,5,1800,195106,5,1800
1298149,38.73,-103.58,38.77,-103.5,195106,6,1330,195106,6,1330
1298167,37.58,-101.33,,,195106,6,1630,195106,6,1630
1298168,38.88,-99.92,38.93,-99.88,195106,6,1800,195106,6,1800
1298060,35.23,-101.82,,,195106,6,1820,195106,6,1820
1298061,35.62,-101.47,,,195106,6,1850,195106,6,1850
1298169,37.78,-98.87,,,195106,6,1930,195106,6,1930
1298170,37.63,-98.9,37.65,-98.73,195106,6,1930,195106,6,1930
1298171,37.52,-98.82,,,195106,6,1930,195106,6,1930
1298172,37.77,-98.57,,,195106,6,1930,195106,6,1930
1298173,37.58,-101.37,37.03,-100.93,195106,6,1930,195106,6,1930
1298174,39.18,-99.03,,,195106,6,2000,195106,6,2000
1298062,35.43,-101.18,35.32,-101.07,195106,6,2006,195106,6,2006
1298063,35.55,-100.97,,,195106,6,2040,195106,6,2040
1298064,34.43,-100.2,34.43,-100.13,195106,6,2050,195106,6,2050
1298073,34.83,-99.47,,,195106,6,2130,195106,6,2130
1298175,37.68,-97.12,,,195106,6,2200,195106,6,2200
1298074,34.7,-97.7,34.73,-97.65,195106,6,2350,195106,6,2350
1298075,34.5,-99.0,,,195106,7,1700,195106,7,1700
1298076,36.45,-95.75,36.48,-95.65,195106,7,1815,195106,7,1815
1298077,35.57,-95.27,,,195106,7,2255,195106,7,2255
1298106,34.97,-86.43,,,195106,8,900,195106,8,900
1298176,38.42,-95.62,,,195106,8,1330,195106,8,1330
1298177,38.88,-95.35,,,195106,8,1700,195106,8,1700
1298093,37.93,-91.88,,,195106,8,1745,195106,8,1745
1298078,35.38,-98.8,35.33,-98.62,195106,8,1830,195106,8,1830
1298079,36.67,-97.33,,,195106,8,1914,195106,8,1914
1298080,34.37,-98.72,,,195106,8,1915,195106,8,1915
1298133,32.9,-90.72,,,195106,9,530,195106,9,530
1298140,36.0,-78.33,36.03,-78.28,195106,9,1700,195106,9,1700
1298208,37.55,-77.48,37.6,-77.43,195106,13,1505,195106,13,1505
1298141,34.4,-77.53,,,195106,13,1530,195106,13,1530
1298202,46.77,-100.45,,,195106,14,1130,195106,14,1130
1298150,39.0,-104.25,,,195106,14,2100,195106,14,2100
1298178,39.07,-95.82,,,195106,15,1915,195106,15,1915
1298065,32.45,-100.02,32.45,-99.93,195106,15,2220,195106,15,2220
1298066,32.45,-97.42,32.45,-97.17,195106,16,30,195106,16,30
1298179,38.0,-101.78,,,195106,17,1500,195106,17,1500
1298019,39.07,-100.23,,,195106,17,2200,195106,17,2200
1298180,39.07,-100.3,,,195106,17,2230,195106,17,2230
1298181,38.62,-95.08,,,195106,17,2300,195106,17,2300
1298151,38.15,-103.97,38.18,-103.42,195106,18,1800,195106,18,1800
1298187,43.38,-96.25,,,195106,19,1600,195106,19,1600
1298098,44.88,-94.37,45.2,-93.38,195106,19,1730,195106,19,1730
1298034,42.95,-103.88,42.98,-103.78,195106,19,1745,195106,19,1745
1298182,37.1,-99.1,,,195106,19,1800,195106,19,1800
1298099,45.2,-93.38,45.22,-93.35,195106,19,1900,195106,19,1900
1298282,43.62,-88.5,,,195106,19,2050,195106,19,2050
1298183,39.28,-100.95,,,195106,20,2200,195106,20,2200
1298184,38.47,-101.37,38.48,-100.47,195106,20,2200,195106,20,2200
1298081,36.3,-98.18,,,195106,20,2320,195106,20,2320
1298185,39.37,-98.88,39.4,-98.47,195106,21,100,195106,21,100
1298082,36.63,-102.78,36.67,-102.72,195106,21,1700,195106,21,1700
1298154,41.12,-86.48,41.12,-86.42,195106,21,1950,195106,21,1950
1298155,41.12,-86.42,41.12,-86.35,195106,21,2000,195106,21,2000
1298194,38.53,-99.32,,,195106,21,2300,195106,21,2300
1298195,37.83,-96.3,,,195106,22,200,195106,22,200
1298192,41.42,-81.85,,,195106,22,1530,195106,22,1530
1298196,37.12,-101.62,,,195106,23,2200,195106,23,2200
1298197,37.18,-101.35,,,195106,23,2200,195106,23,2200
1298144,33.32,-81.13,,,195106,24,1400,195106,24,1400
1298100,43.57,-94.77,43.6,-94.48,195106,25,1500,195106,25,1500
1298035,41.1,-103.05,41.22,-102.92,195106,25,1530,195106,25,1530
1298188,43.22,-93.8,,,195106,25,1707,195106,25,1707
1298152,40.85,-102.5,40.58,-102.33,195106,25,1745,195106,25,1745
1298205,39.13,-81.7,39.13,-81.7,195106,26,1445,195106,26,1445
1298023,43.67,-84.33,,,195106,26,1800,195106,26,1800
1298198,39.03,-99.88,,,195106,27,10,195106,27,10
1298199,38.87,-99.37,,,195106,27,100,195106,27,100
1298193,39.5,-84.58,39.53,-84.5,195106,27,600,195106,27,600
1298209,37.12,-76.53,,,195106,27,1500,195106,27,1500
1298212,39.95,-89.17,39.95,-88.98,195106,27,1930,195106,27,1930
1298213,40.27,-89.47,40.27,-89.12,195106,27,2045,195106,27,2045
1298028,40.58,-79.25,40.87,-79.18,195106,27,2204,195106,27,2204
1298067,34.18,-102.12,,,195107,2,15,195107,2,15
1298283,43.48,-90.23,,,195107,3,2000,195107,3,2000
1298094,37.15,-94.47,,,195107,4,100,195107,4,100
1298200,37.58,-99.6,,,195107,4,2100,195107,4,2100
1298142,33.92,-78.23,,,195107,6,1100,195107,6,1100
1298036,40.85,-101.55,40.88,-101.45,195107,7,1730,195107,7,1730
1298211,39.25,-99.57,,,195107,7,1800,195107,7,1800
1298158,45.37,-96.83,,,195107,8,2000,195107,8,2000
1298095,39.22,-94.02,39.25,-94.02,195107,8,2015,195107,8,2015
1298156,40.48,-86.12,,,195107,9,100,195107,9,100
1298096,36.55,-91.7,,,195107,9,2345,195107,9,2345
1298037,41.23,-102.58,,,195107,13,2000,195107,13,2000
1298017,34.8,-94.8,,,195107,15,1620,195107,15,1620
1298083,34.8,-94.8,,,195107,15,1620,195107,15,1620
1298084,34.8,-94.8,,,195107,15,1620,195107,15,1620
1298189,43.18,-95.87,,,195107,17,1745,195107,17,1745
1298159,44.9,-96.08,,,195107,20,1815,195107,20,1815
1298101,44.93,-93.5,44.88,-93.27,195107,20,2100,195107,20,2100
1298029,41.8,-76.47,,,195107,21,1100,195107,21,1100
1298204,42.15,-83.55,,,195107,21,2200,195107,21,2200
1298217,39.48,-97.58,39.4,-97.48,195107,22,50,195107,22,50
1298122,27.73,-82.43,,,195107,22,1520,195107,22,1520
1298085,36.13,-99.8,,,195107,27,1530,195107,27,1530
1298218,37.55,-99.63,,,195108,6,1500,195108,6,1500
1298219,37.05,-101.77,,,195108,7,1700,195108,7,1700
1298220,38.75,-99.83,,,195108,7,2130,195108,7,2130
1298038,41.75,-103.25,41.77,-103.2,195108,8,1500,195108,8,1500
1298143,35.75,-81.33,,,195108,9,1100,195108,9,1100
1298086,35.8,-97.2,35.88,-97.17,195108,10,1357,195108,10,1357
1298091,36.67,-103.95,36.78,-103.78,195108,10,1530,195108,10,1530
1298221,39.87,-101.67,39.87,-101.62,195108,10,1830,195108,10,1830
1298222,38.23,-97.77,,,195108,13,230,195108,13,230
1298223,38.23,-97.77,,,195108,13,230,195108,13,230
1298203,46.38,-102.25,,,195108,14,1500,195108,14,1500
1298112,42.67,-84.83,42.7,-84.78,195108,15,1400,195108,15,1400
1298113,43.18,-83.22,,,195108,15,1400,195108,15,1400
1298114,42.9,-84.88,43.0,-84.33,195108,15,1430,195108,15,1430
1298110,41.87,-72.25,,,195108,20,1530,195108,20,1530
1298102,42.83,-71.13,42.9,-71.07,195108,21,1400,195108,21,1400
1298117,42.7,-71.13,42.77,-70.97,195108,21,1400,195108,21,1400
1298111,41.62,-73.42,41.8,-72.6,195108,21,1615,195108,21,1615
1298139,41.58,-72.5,,,195108,21,1630,195108,21,1630
1298246,30.25,-93.42,,,195108,22,1500,195108,22,1500
1298224,38.58,-99.57,,,195108,23,2130,195108,23,2130
1298225,38.67,-95.17,,,195108,24,730,195108,24,730
1298226,39.78,-100.92,39.8,-100.85,195108,24,1730,195108,24,1730
1298190,42.85,-95.95,42.92,-95.87,195108,26,2359,195108,26,2359
1298087,36.73,-98.67,,,195108,31,1550,195108,31,1550
1298227,38.67,-97.67,,,195108,31,1620,195108,31,1620
1298228,38.67,-96.95,,,195108,31,1620,195108,31,1620
1298247,31.92,-92.73,,,195109,2,1615,195109,2,1615
1298015,33.5,-88.43,,,195109,9,915,195109,9,915
1298088,36.62,-95.02,,,195109,9,1620,195109,9,1620
1298232,44.63,-92.08,44.68,-92.03,195109,12,1130,195109,12,1130
1298233,44.68,-92.03,44.92,-91.75,195109,12,1148,195109,12,1148
1298229,38.62,-99.52,,,195109,23,2130,195109,23,2130
1298234,44.33,-89.3,44.37,-89.22,195109,26,1545,195109,26,1545
1298235,44.37,-89.22,44.47,-88.78,195109,26,1608,195109,26,1608
1298236,43.47,-89.25,43.53,-89.08,195109,26,1630,195109,26,1630
1298115,43.78,-85.87,43.78,-85.8,195109,26,2100,195109,26,2100
1298248,29.87,-90.13,,,195109,27,1030,195109,27,1030
1298089,36.53,-97.07,,,195110,21,2030,195110,21,2030
1298138,35.0,-93.5,,,195110,23,300,195110,23,300
1298210,37.22,-76.52,,,195111,1,640,195111,1,640
1298249,30.08,-89.8,,,195111,1,700,195111,1,700
1298214,40.2,-89.72,40.6,-88.98,195111,13,1315,195111,13,1315
1298097,36.62,-89.75,,,195111,13,1330,195111,13,1330
1298215,37.9,-89.53,37.97,-89.43,195111,13,1450,195111,13,1450
1298157,41.6,-87.33,,,195111,13,1600,195111,13,1600
1298104,37.02,-88.33,,,195111,13,1750,195111,13,1750
1298250,35.22,-87.03,,,195111,14,2200,195111,14,2200
1298107,34.2,-86.7,,,195111,15,1500,195111,15,1500
1298108,34.83,-87.8,,,195111,15,2000,195111,15,2000
1298109,34.08,-86.52,,,195111,16,100,195111,16,100
1298240,31.53,-84.17,,,195111,16,655,195111,16,655
1298123,28.12,-82.03,,,195112,4,1125,195112,4,1125
1298201,44.18,-123.23,,,195112,6,1740,195112,6,1740
1298216,41.33,-89.18,41.65,-89.12,195112,6,1800,195112,6,1800
1298134,32.17,-90.8,,,195112,8,1730,195112,8,1730
1298124,30.35,-81.75,,,195112,18,1330,195112,18,1330
1298118,41.37,-70.53,,,195112,18,1700,195112,18,1700
1298125,27.75,-81.8,,,195112,18,1745,195112,18,1745
1298126,27.77,-82.63,,,195112,18,1800,195112,18,1800
1298127,27.78,-81.53,,,195112,18,1830,195112,18,1830
1298135,33.13,-89.05,,,195112,20,1515,195112,20,1515
1297529,41.6,-80.3,,,195201,17,1934,195201,17,1934
1297749,31.27,-84.02,31.28,-84.0,195201,22,700,195201,22,700
1297750,31.28,-84.0,31.33,-83.9,195201,22,705,195201,22,705
1297630,32.92,-85.97,,,195201,22,900,195201,22,900
1297648,34.42,-91.4,,,195201,26,1530,195201,26,1530
1297649,34.48,-91.55,,,195201,26,1600,195201,26,1600
1297751,33.03,-83.97,33.03,-83.9,195201,28,340,195201,28,340
1297644,30.47,-85.25,,,195201,28,530,195201,28,530
1297782,31.58,-84.17,,,195201,28,600,195201,28,600
1297783,31.52,-83.78,,,195201,28,630,195201,28,630
1297645,30.5,-84.23,,,195201,28,645,195201,28,645
1297784,31.47,-83.5,,,195201,28,710,195201,28,710
1297785,32.58,-82.33,,,195201,28,730,195201,28,730
1297566,30.08,-93.77,,,195202,1,1500,195202,1,1500
1297752,32.98,-94.0,,,195202,13,400,195202,13,400
1297650,35.95,-90.15,,,195202,13,1630,195202,13,1630
1297763,36.0,-88.12,,,195202,13,1700,195202,13,1700
1297603,36.07,-89.93,36.12,-89.88,195202,13,1710,195202,13,1710
1297604,36.12,-89.88,36.15,-89.87,195202,13,1720,195202,13,1720
1297647,32.77,-89.1,,,195202,13,1930,195202,13,1930
1297764,36.05,-87.03,,,195202,13,1945,195202,13,1945
1297631,33.57,-87.67,33.6,-87.63,195202,13,2000,195202,13,2000
1297632,33.6,-87.63,33.62,-87.62,195202,13,2000,195202,13,2000
1297633,34.02,-86.75,34.03,-86.73,195202,13,2030,195202,13,2030
1297634,34.03,-86.73,34.07,-86.67,195202,13,2030,195202,13,2030
1297765,35.23,-86.82,,,195202,13,2100,195202,13,2100
1297635,33.6,-86.93,,,195202,13,2130,195202,13,2130
1297594,33.85,-88.47,,,195202,13,2200,195202,13,2200
1297766,35.22,-86.6,35.22,-86.47,195202,13,2200,195202,13,2200
1297595,30.42,-89.48,,,195202,13,2230,195202,13,2230
1297767,35.2,-86.3,35.2,-86.28,195202,13,2230,195202,13,2230
1297768,35.2,-86.28,35.22,-86.08,195202,13,2240,195202,13,2240
1297769,35.25,-85.83,35.27,-85.75,195202,13,2300,195202,13,2300
1297753,32.35,-94.0,,,195202,19,900,195202,19,900
1297646,30.17,-85.7,,,195202,20,910,195202,20,910
1297710,26.57,-80.12,,,195202,26,1020,195202,26,1020
1297775,35.42,-86.7,,,195202,29,1600,195202,29,1600
1297776,35.15,-86.58,,,195202,29,1630,195202,29,1630
1297777,35.53,-85.85,,,195202,29,1640,195202,29,1640
1297636,34.5,-85.7,34.53,-85.67,195202,29,1700,195202,29,1700
1297778,35.3,-84.67,35.45,-84.47,195202,29,1730,195202,29,1730
1297786,34.4,-83.33,34.42,-83.2,195202,29,1900,195202,29,1900
1297787,34.37,-83.58,34.37,-83.42,195202,29,1930,195202,29,1930
1297788,34.12,-83.67,,,195202,29,2015,195202,29,2015
1297567,32.97,-96.58,,,195203,2,2200,195203,2,2200
1297651,35.13,-93.93,,,195203,3,545,195203,3,545
1297640,33.33,-87.9,33.37,-87.87,195203,3,1310,195203,3,1310
1297789,32.8,-83.68,32.78,-83.62,195203,3,2011,195203,3,2011
1297754,32.23,-93.65,32.78,-93.07,195203,10,830,195203,10,830
1297790,31.65,-84.17,,,195203,13,1420,195203,13,1420
1297568,33.88,-98.58,,,195203,17,1930,195203,17,1930
1297569,32.92,-98.25,,,195203,17,2000,195203,17,2000
1297615,37.75,-90.5,37.78,-90.35,195203,18,1725,195203,18,1725
1297616,37.78,-90.35,37.88,-90.22,195203,18,1735,195203,18,1735
1297713,39.18,-90.37,39.22,-90.32,195203,18,1807,195203,18,1807
1297714,38.1,-89.93,38.15,-89.87,195203,18,1821,195203,18,1821
1297520,37.37,-89.78,37.45,-89.73,195203,18,1830,195203,18,1830
1297652,34.02,-94.02,34.22,-93.97,195203,21,1440,195203,21,1440
1297653,34.72,-92.82,34.78,-92.52,195203,21,1600,195203,21,1600
1297654,35.22,-91.7,35.37,-91.52,195203,21,1650,195203,21,1650
1297655,34.95,-92.42,,,195203,21,1700,195203,21,1700
1297656,34.53,-91.8,34.73,-91.65,195203,21,1700,195203,21,1700
1297657,34.9,-91.85,34.8,-91.8,195203,21,1700,195203,21,1700
1297658,34.72,-91.57,,,195203,21,1720,195203,21,1720
1297659,34.8,-91.8,34.98,-91.73,195203,21,1720,195203,21,1720
1297660,35.13,-91.45,35.27,-91.18,195203,21,1730,195203,21,1730
1297661,35.0,-91.25,35.13,-91.08,195203,21,1730,195203,21,1730
1297662,35.47,-91.2,35.53,-91.05,195203,21,1740,195203,21,1740
1297663,35.53,-91.05,35.8,-90.97,195203,21,1745,195203,21,1745
1297664,35.42,-91.0,,,195203,21,1800,195203,21,1800
1297779,36.02,-89.2,36.08,-89.18,195203,21,1800,195203,21,1800
1297665,35.6,-90.72,35.67,-90.52,195203,21,1845,195203,21,1845
1297666,35.53,-90.42,35.62,-90.28,195203,21,1845,195203,21,1845
1297667,35.67,-90.52,35.95,-89.9,195203,21,1900,195203,21,1900
1297668,35.67,-90.52,35.95,-89.9,195203,21,1900,195203,21,1900
1297617,36.05,-89.82,36.07,-89.7,195203,21,2000,195203,21,2000
1297596,32.47,-90.12,,,195203,21,2030,195203,21,2030
1297780,35.95,-89.43,36.13,-89.2,195203,21,2030,195203,21,2030
1297781,36.1,-89.27,,,195203,21,2030,195203,21,2030
1297597,34.87,-89.68,35.0,-89.58,195203,21,2200,195203,21,2200
1297717,35.0,-89.58,35.12,-89.28,195203,21,2200,195203,21,2200
1297718,35.8,-88.78,,,195203,21,2245,195203,21,2245
1297719,35.85,-88.67,,,195203,21,2250,195203,21,2250
1297720,35.93,-88.5,,,195203,21,2300,195203,21,2300
1297721,36.02,-88.27,36.07,-88.2,195203,21,2317,195203,21,2317
1297722,35.27,-88.98,35.35,-88.82,195203,21,2330,195203,21,2330
1297723,35.85,-87.68,,,195203,21,2355,195203,21,2355
1297724,35.35,-88.82,35.5,-88.52,195203,22,1,195203,22,1
1297627,37.53,-85.72,37.55,-85.67,195203,22,5,195203,22,5
1297725,35.87,-87.58,,,195203,22,20,195203,22,20
1297726,35.5,-88.52,35.63,-88.28,195203,22,100,195203,22,100
1297727,36.25,-85.93,,,195203,22,1115,195203,22,1115
1297641,34.6,-87.0,34.68,-86.63,195203,22,1500,195203,22,1500
1297570,33.6,-96.7,33.63,-96.63,195204,3,1800,195204,3,1800
1297755,32.95,-92.83,,,195204,3,2300,195204,3,2300
1297756,30.17,-92.87,30.27,-92.62,195204,4,200,195204,4,200
1297757,30.27,-92.62,30.37,-92.3,195204,4,230,195204,4,230
1297758,30.37,-92.13,30.4,-91.92,195204,4,330,195204,4,330
1297759,29.87,-91.62,29.93,-91.55,195204,4,330,195204,4,330
1297760,30.4,-91.92,30.4,-91.8,195204,4,350,195204,4,350
1297642,30.7,-88.28,,,195204,4,620,195204,4,620
1297770,30.17,-85.7,,,195204,4,920,195204,4,920
1297676,35.8,-78.88,35.9,-78.88,195204,5,45,195204,5,45
1297708,38.22,-78.83,,,195204,5,915,195204,5,915
1297709,38.37,-78.73,38.42,-78.67,195204,5,1000,195204,5,1000
1297623,39.45,-77.55,,,195204,5,1200,195204,5,1200
1297530,39.8,-76.98,39.95,-76.72,195204,5,1215,195204,5,1215
1297531,40.23,-76.8,,,195204,5,1300,195204,5,1300
1297624,39.63,-77.42,,,195204,5,1400,195204,5,1400
1297625,39.12,-75.75,,,195204,5,1500,195204,5,1500
1297532,41.12,-75.28,,,195204,5,1530,195204,5,1530
1297526,40.63,-74.32,,,195204,5,1610,195204,5,1610
1297729,37.87,-99.47,,,195204,8,1330,195204,8,1330
1297573,35.25,-99.7,35.85,-99.35,195204,8,1645,195204,8,1645
1297701,40.53,-81.5,,,195204,13,1310,195204,13,1310
1297571,32.22,-95.85,,,195204,18,1415,195204,18,1415
1297574,34.88,-99.87,,,195204,20,1530,195204,20,1530
1297575,34.67,-99.5,,,195204,20,1600,195204,20,1600
1297576,34.67,-99.5,,,195204,20,1600,195204,20,1600
1297577,34.67,-99.5,,,195204,20,1600,195204,20,1600
1297578,35.3,-99.67,,,195204,20,1700,195204,20,1700
1297579,35.97,-99.47,,,195204,20,1830,195204,20,1830
1297580,36.15,-99.3,,,195204,20,1915,195204,20,1915
1297572,31.5,-97.45,31.48,-97.42,195204,21,1215,195204,21,1215
1297581,36.87,-97.33,,,195204,21,1605,195204,21,1605
1297730,39.18,-96.75,,,195204,22,1730,195204,22,1730
1297669,33.32,-93.25,,,195204,22,1830,195204,22,1830
1297670,35.9,-91.63,,,195204,22,1915,195204,22,1915
1297761,30.88,-90.5,,,195204,23,915,195204,23,915
1297731,37.08,-100.08,,,195204,29,1330,195204,29,1330
1297536,40.15,-99.8,,,195204,29,1600,195204,29,1600
1297582,36.77,-99.08,36.77,-98.83,195204,30,1545,195204,30,1545
1297561,31.45,-100.47,,,195204,30,1830,195204,30,1830
1297732,38.07,-98.67,,,195204,30,1914,195204,30,1914
1297733,37.75,-99.83,,,195204,30,2050,195204,30,2050
1297601,44.33,-74.0,44.38,-73.92,195205,6,1300,195205,6,1300
1297618,40.1,-94.53,,,195205,7,1600,195205,7,1600
1297704,42.93,-104.33,,,195205,8,1230,195205,8,1230
1297684,39.48,-102.6,,,195205,8,1430,195205,8,1430
1297537,41.18,-103.33,,,195205,8,1600,195205,8,1600
1297687,39.8,-86.07,39.87,-85.78,195205,9,1845,195205,9,1845
1297637,33.73,-87.75,,,195205,10,900,195205,10,900
1297638,33.73,-87.75,,,195205,10,900,195205,10,900
1297639,33.73,-87.75,,,195205,10,900,195205,10,900
1297677,36.1,-77.25,,,195205,10,1100,195205,10,1100
1297681,34.8,-82.25,34.8,-82.13,195205,10,1400,195205,10,1400
1297682,34.8,-82.13,34.8,-81.85,195205,10,1415,195205,10,1415
1297791,31.37,-83.25,31.4,-83.2,195205,11,620,195205,11,620
1297538,41.42,-103.07,,,195205,13,2100,195205,13,2100
1297685,40.33,-104.57,40.25,-104.47,195205,15,1515,195205,15,1515
1297762,29.6,-90.67,,,195205,19,900,195205,19,900
1297678,35.47,-76.38,,,195205,20,1100,195205,20,1100
1297734,39.52,-99.0,,,195205,21,1800,195205,21,1800
1297735,39.68,-97.87,,,195205,21,1930,195205,21,1930
1297711,38.98,-95.22,39.0,-95.17,195205,22,1710,195205,22,1710
1297712,39.03,-95.17,39.03,-94.92,195205,22,1725,195205,22,1725
1297737,39.03,-94.92,39.07,-94.72,195205,22,1745,195205,22,1745
1297619,38.9,-94.27,38.93,-94.23,195205,22,1900,195205,22,1900
1297583,34.75,-97.92,,,195205,22,2330,195205,22,2330
1297584,36.02,-96.82,,,195205,23,400,195205,23,400
1297585,34.67,-98.87,34.83,-98.65,195205,23,430,195205,23,430
1297586,34.62,-98.42,,,195205,23,445,195205,23,445
1297587,34.65,-98.43,,,195205,23,500,195205,23,500
1297562,32.22,-95.62,,,195205,23,1140,195205,23,1140
1297695,42.75,-92.97,,,195205,23,1300,195205,23,1300
1297771,28.55,-82.38,,,195205,23,1330,195205,23,1330
1297563,31.45,-100.48,31.45,-100.37,195205,23,1430,195205,23,1430
1297696,43.33,-93.08,,,195205,23,1500,195205,23,1500
1297525,41.42,-81.5,,,195205,24,1505,195205,24,1505
1297715,39.5,-90.02,,,195205,24,1750,195205,24,1750
1297539,41.2,-103.03,,,195205,26,1800,195205,26,1800
1297772,27.93,-82.82,,,195205,30,1100,195205,30,1100
1297588,35.5,-100.0,,,195206,1,49,195206,1,49
1297697,41.9,-95.4,41.88,-95.33,195206,2,1830,195206,2,1830
1297589,36.07,-98.32,,,195206,4,1530,195206,4,1530
1297671,36.12,-90.93,,,195206,4,1535,195206,4,1535
1297705,33.65,-96.75,33.83,-96.65,195206,5,1230,195206,5,1230
1297541,47.07,-104.0,47.2,-104.03,195206,10,1700,195206,10,1700
1297542,46.78,-103.02,46.78,-102.8,195206,10,1900,195206,10,1900
1297683,33.42,-81.42,,,195206,12,1900,195206,12,1900
1297773,27.77,-82.62,,,195206,13,1200,195206,13,1200
1297590,35.62,-99.68,,,195206,15,50,195206,15,50
1297543,47.4,-99.55,,,195206,15,1600,195206,15,1600
1297549,42.48,-98.67,,,195206,15,1902,195206,15,1902
1297672,34.7,-92.08,,,195206,18,1430,195206,18,1430
1297738,37.18,-97.42,37.22,-97.37,195206,19,1910,195206,19,1910
1297544,47.92,-102.13,,,195206,20,1500,195206,20,1500
1297591,36.28,-98.42,,,195206,21,1550,195206,21,1550
1297739,39.13,-95.15,39.13,-94.68,195206,21,1900,195206,21,1900
1297707,45.3,-95.5,45.35,-95.33,195206,23,1630,195206,23,1630
1297698,42.75,-95.85,42.9,-95.42,195206,23,1830,195206,23,1830
1297690,44.02,-98.1,,,195206,23,1855,195206,23,1855
1297605,44.0,-95.28,44.12,-95.08,195206,23,2030,195206,23,2030
1297606,44.12,-95.08,44.38,-94.58,195206,23,2050,195206,23,2050
1297736,45.42,-92.63,45.58,-92.33,195206,23,2130,195206,23,2130
1297607,44.38,-94.58,44.83,-93.5,195206,23,2200,195206,23,2200
1297608,44.83,-93.5,44.85,-93.47,195206,23,2330,195206,23,2330
1297691,44.18,-101.45,,,195206,24,1000,195206,24,1000
1297609,44.33,-93.85,45.12,-93.08,195206,24,1830,195206,24,1830
1297610,45.12,-93.08,45.2,-93.07,195206,24,2000,195206,24,2000
1297740,39.68,-99.45,39.77,-99.25,195206,26,1715,195206,26,1715
1297686,40.0,-103.6,,,195206,26,1730,195206,26,1730
1297550,40.63,-96.93,40.58,-96.92,195206,26,2000,195206,26,2000
1297741,39.75,-100.12,39.78,-100.08,195206,27,1430,195206,27,1430
1297692,45.2,-99.4,,,195206,27,2300,195206,27,2300
1297693,43.45,-99.08,,,195206,28,1910,195206,28,1910
1297694,43.23,-97.58,,,195206,28,2210,195206,28,2210
1297521,27.75,-82.65,,,195206,29,1100,195206,29,1100
1297592,34.38,-99.0,,,195206,29,1630,195206,29,1630
1297728,36.03,-86.77,,,195206,30,1805,195206,30,1805
1297545,46.07,-96.95,,,195207,1,1400,195207,1,1400
1297546,47.82,-103.55,47.8,-103.33,195207,1,1730,195207,1,1730
1297556,47.05,-100.5,47.15,-100.1,195207,1,1800,195207,1,1800
1297557,47.15,-100.1,47.2,-99.5,195207,1,1836,195207,1,1836
1297611,45.87,-96.18,45.82,-96.12,195207,2,1600,195207,2,1600
1297699,43.4,-96.1,,,195207,2,1750,195207,2,1750
1297742,39.83,-100.2,40.0,-100.13,195207,6,1500,195207,6,1500
1297743,39.73,-101.98,,,195207,6,1630,195207,6,1630
1297744,39.27,-101.85,,,195207,6,1700,195207,6,1700
1297593,35.33,-97.83,35.37,-97.78,195207,7,1330,195207,7,1330
1297558,47.92,-97.17,,,195207,9,1500,195207,9,1500
1297551,41.17,-103.0,40.92,-102.58,195207,12,1600,195207,12,1600
1297689,35.93,-97.73,,,195207,13,1300,195207,13,1300
1297522,36.32,-95.7,,,195207,13,1500,195207,13,1500
1297673,33.45,-93.97,33.47,-93.97,195207,16,1418,195207,16,1418
1297674,33.45,-93.97,33.47,-93.97,195207,16,1605,195207,16,1605
1297523,36.87,-100.88,,,195207,16,1730,195207,16,1730
1297612,46.72,-96.53,46.83,-96.42,195207,16,1900,195207,16,1900
1297620,38.97,-91.5,,,195207,17,1615,195207,17,1615
1297716,41.1,-90.78,,,195207,17,1700,195207,17,1700
1297533,41.93,-79.75,41.92,-79.63,195207,19,545,195207,19,545
1297547,46.37,-104.28,46.37,-103.12,195207,19,1730,195207,19,1730
1297548,46.97,-104.25,47.0,-104.05,195207,19,1830,195207,19,1830
1297559,47.0,-104.05,47.02,-103.88,195207,19,1830,195207,19,1830
1297679,36.25,-77.75,,,195207,23,1100,195207,23,1100
1297534,40.62,-77.57,,,195207,23,1230,195207,23,1230
1297560,47.0,-98.67,47.0,-98.5,195207,24,1900,195207,24,1900
1297613,43.72,-93.48,,,195207,27,1825,195207,27,1825
1297598,31.62,-89.53,,,195207,29,1600,195207,29,1600
1297599,34.37,-89.52,,,195208,3,1545,195208,3,1545
1297745,39.0,-98.52,39.05,-98.45,195208,7,1800,195208,7,1800
1297746,37.93,-99.42,,,195208,7,2200,195208,7,2200
1297527,40.0,-74.6,40.03,-74.57,195208,10,904,195208,10,904
1297528,40.03,-74.57,40.17,-74.4,195208,10,930,195208,10,930
1297540,40.17,-74.4,40.42,-74.07,195208,10,945,195208,10,945
1297564,33.12,-98.6,,,195208,12,1615,195208,12,1615
1297552,41.47,-97.28,41.43,-97.22,195208,13,1730,195208,13,1730
1297553,41.35,-97.17,41.25,-96.38,195208,13,1745,195208,13,1745
1297554,41.22,-96.58,41.02,-96.32,195208,13,1900,195208,13,1900
1297555,41.02,-96.32,40.93,-96.22,195208,13,1930,195208,13,1930
1297747,38.68,-97.02,,,195208,14,2130,195208,14,2130
1297524,35.8,-97.5,35.85,-97.43,195208,15,1630,195208,15,1630
1297774,26.77,-80.22,,,195208,16,1445,195208,16,1445
1297535,40.62,-76.72,,,195208,16,1815,195208,16,1815
1297621,38.68,-93.27,38.7,-93.23,195208,21,20,195208,21,20
1297614,45.58,-96.22,45.58,-95.93,195208,27,1525,195208,27,1525
1297680,36.25,-80.17,,,195208,31,1100,195208,31,1100
1297702,38.78,-77.15,,,195208,31,2130,195208,31,2130
1297626,39.02,-77.22,39.03,-77.23,195208,31,2200,195208,31,2200
1297600,35.95,-75.6,,,195209,17,1130,195209,17,1130
1297602,35.13,-112.57,,,195211,14,2100,195211,14,2100
1297622,40.45,-95.07,40.57,-94.68,195211,16,1600,195211,16,1600
1297748,39.67,-95.87,,,195211,17,1,195211,17,1
1297700,41.55,-91.08,,,195211,17,1320,195211,17,1320
1297675,34.57,-94.4,34.7,-94.28,195211,17,1630,195211,17,1630
1297706,34.7,-94.28,34.95,-93.9,195211,17,1640,195211,17,1640
1297703,36.43,-78.72,,,195211,19,2237,195211,19,2237
1297565,30.9,-95.3,30.95,-95.08,195212,3,1815,195212,3,1815
1297628,37.68,-87.3,37.87,-86.9,195212,9,1500,195212,9,1500
1297629,37.87,-86.9,37.93,-86.77,195212,9,1530,195212,9,1530
1297688,37.93,-86.77,37.95,-86.73,195212,9,1550,195212,9,1550
1297643,34.4,-118.53,,,195212,20,1400,195212,20,1400
1297236,33.83,-92.17,33.87,-92.1,195301,7,2015,195301,7,2015
1297201,32.62,-86.98,,,195301,8,630,195301,8,630
1297202,33.42,-86.12,33.45,-86.08,195301,8,710,195301,8,710
1297390,34.02,-79.77,34.12,-79.65,195301,8,1615,195301,8,1615
1297475,28.57,-82.48,,,195301,9,230,195301,9,230
1297476,27.83,-82.17,27.95,-82.1,195301,9,600,195301,9,600
1297477,28.57,-81.75,,,195301,9,615,195301,9,615
1297203,33.8,-87.23,,,195301,20,1500,195301,20,1500
1297204,34.1,-86.5,,,195301,20,1630,195301,20,1630
1297416,35.7,-85.85,,,195301,20,1741,195301,20,1741
1297508,32.68,-84.9,,,195301,20,1900,195301,20,1900
1297509,31.5,-83.55,31.53,-83.42,195301,20,2030,195301,20,2030
1297126,31.55,-90.88,31.92,-90.62,195301,22,2300,195301,22,2300
1297127,31.92,-90.62,32.12,-90.5,195301,22,2300,195301,22,2300
1297205,31.53,-88.0,31.57,-87.9,195301,23,500,195301,23,500
1297406,30.48,-90.7,30.5,-90.55,195302,6,1300,195302,6,1300
1297407,30.5,-90.55,30.53,-90.45,195302,6,1345,195302,6,1345
1297108,32.1,-94.6,,,195302,19,1500,195302,19,1500
1297269,31.72,-94.83,,,195302,19,1730,195302,19,1730
1297030,34.72,-97.62,,,195302,19,1940,195302,19,1940
1297031,33.85,-97.03,,,195302,19,2100,195302,19,2100
1297116,34.45,-96.97,34.5,-96.92,195302,19,2115,195302,19,2115
1297117,34.0,-96.75,,,195302,19,2145,195302,19,2145
1297237,34.77,-91.57,,,195302,20,1015,195302,20,1015
1297128,33.03,-91.02,,,195302,20,1100,195302,20,1100
1297129,33.52,-89.92,33.7,-89.73,195302,20,1200,195302,20,1200
1297130,34.25,-89.05,34.35,-88.83,195302,20,1200,195302,20,1200
1297032,34.03,-88.88,34.32,-88.73,195302,20,1500,195302,20,1500
1297206,34.7,-87.7,,,195302,20,1610,195302,20,1610
1297207,33.95,-87.8,,,195302,20,1630,195302,20,1630
1297208,33.93,-87.37,,,195302,20,1645,195302,20,1645
1297209,34.38,-87.07,34.42,-86.95,195302,20,1900,195302,20,1900
1297270,32.17,-94.33,,,195303,12,1630,195303,12,1630
1297271,33.28,-99.95,33.4,-99.82,195303,13,1400,195303,13,1400
1297272,33.4,-99.82,33.42,-99.78,195303,13,1415,195303,13,1415
1297118,34.77,-97.95,35.07,-97.75,195303,13,1715,195303,13,1715
1297119,34.88,-97.7,,,195303,13,1819,195303,13,1819
1297120,35.07,-97.48,,,195303,13,1845,195303,13,1845
1297121,35.18,-97.25,,,195303,13,1930,195303,13,1930
1297122,33.92,-97.27,34.18,-96.95,195303,13,1930,195303,13,1930
1297123,34.18,-96.95,34.32,-96.65,195303,13,1930,195303,13,1930
1297124,35.0,-94.53,,,195303,13,2200,195303,13,2200
1297238,35.88,-92.23,36.18,-91.7,195303,14,30,195303,14,30
1297239,35.22,-93.95,35.55,-93.37,195303,14,30,195303,14,30
1297240,35.28,-93.28,35.32,-93.25,195303,14,130,195303,14,130
1297241,35.32,-93.25,35.4,-93.12,195303,14,135,195303,14,135
1297033,34.67,-88.43,34.7,-88.4,195303,14,1430,195303,14,1430
1297152,39.22,-90.75,,,195303,14,1700,195303,14,1700
1297417,35.47,-89.45,35.67,-89.08,195303,14,1745,195303,14,1745
1297418,35.37,-88.78,35.52,-88.5,195303,14,1800,195303,14,1800
1297419,35.52,-88.5,35.57,-88.43,195303,14,1818,195303,14,1818
1297420,36.08,-89.38,,,195303,14,1830,195303,14,1830
1297431,35.75,-89.53,,,195303,14,1900,195303,14,1900
1297432,35.53,-88.97,35.75,-88.62,195303,14,1930,195303,14,1930
1297350,38.4,-89.47,38.62,-88.73,195303,14,2015,195303,14,2015
1297421,36.33,-88.77,,,195303,14,2115,195303,14,2115
1297326,39.58,-87.47,,,195303,14,2200,195303,14,2200
1297327,39.65,-87.18,,,195303,14,2200,195303,14,2200
1297138,35.77,-78.1,35.75,-78.08,195303,15,2000,195303,15,2000
1297139,35.75,-78.08,35.75,-77.73,195303,15,2025,195303,15,2025
1297140,35.75,-77.73,35.75,-77.57,195303,15,2050,195303,15,2050
1297210,30.7,-88.12,,,195303,18,1422,195303,18,1422
1297328,41.03,-85.13,41.05,-85.07,195303,18,1835,195303,18,1835
1297329,40.77,-84.92,40.73,-84.85,195303,18,1900,195303,18,1900
1297341,42.23,-95.68,,,195303,21,1245,195303,21,1245
1297342,42.05,-95.72,41.93,-95.87,195303,21,1300,195303,21,1300
1297034,34.28,-90.65,34.38,-90.55,195303,21,1400,195303,21,1400
1297343,43.27,-94.63,43.3,-94.0,195303,21,1500,195303,21,1500
1297231,45.58,-94.08,,,195303,21,1643,195303,21,1643
1297344,41.88,-92.62,42.05,-92.55,195303,21,1700,195303,21,1700
1297035,31.88,-89.95,32.03,-89.67,195303,22,1500,195303,22,1500
1297036,32.03,-89.67,32.57,-88.42,195303,22,1500,195303,22,1500
1297408,31.1,-93.22,31.7,-92.8,195303,22,1500,195303,22,1500
1297422,35.93,-89.65,36.15,-89.18,195303,22,1515,195303,22,1515
1297409,31.7,-92.8,32.15,-92.15,195303,22,1530,195303,22,1530
1297037,32.45,-91.15,33.52,-90.87,195303,22,1600,195303,22,1600
1297410,32.15,-92.15,32.45,-91.15,195303,22,1600,195303,22,1600
1297211,34.85,-87.62,,,195303,22,1900,195303,22,1900
1297062,34.58,-98.42,,,195303,29,1925,195303,29,1925
1297445,37.03,-97.78,37.27,-97.75,195303,30,1430,195303,30,1430
1297153,38.37,-94.28,,,195303,31,1600,195303,31,1600
1297154,38.47,-94.0,38.48,-93.95,195303,31,1630,195303,31,1630
1297063,34.92,-97.67,,,195304,2,2158,195304,2,2158
1297038,30.85,-89.13,,,195304,4,1503,195304,4,1503
1297478,30.17,-85.7,,,195304,6,1100,195304,6,1100
1297212,33.32,-87.0,,,195304,6,1545,195304,6,1545
1297446,38.5,-100.48,,,195304,9,1600,195304,9,1600
1297386,40.12,-89.45,40.18,-89.35,195304,9,1615,195304,9,1615
1297351,40.18,-88.22,40.23,-87.88,195304,9,1715,195304,9,1715
1297352,40.23,-87.88,40.25,-87.52,195304,9,1745,195304,9,1745
1297330,40.25,-87.52,40.27,-86.7,195304,9,1900,195304,9,1900
1297331,40.27,-86.7,40.28,-86.25,195304,9,2000,195304,9,2000
1297332,40.28,-86.25,40.28,-85.87,195304,9,2030,195304,9,2030
1297333,40.28,-85.87,40.32,-85.23,195304,9,2100,195304,9,2100
1297213,33.85,-86.77,,,195304,12,340,195304,12,340
1297479,30.37,-85.45,,,195304,12,700,195304,12,700
1297480,27.38,-80.33,,,195304,13,745,195304,13,745
1297039,33.73,-88.77,,,195304,14,1430,195304,14,1430
1297064,35.5,-97.83,35.3,-97.68,195304,14,1850,195304,14,1850
1297065,34.37,-96.2,,,195304,14,2300,195304,14,2300
1297055,39.0,-84.18,,,195304,15,1700,195304,15,1700
1297423,35.58,-89.28,,,195304,15,1830,195304,15,1830
1297424,35.67,-88.38,,,195304,15,1845,195304,15,1845
1297425,35.62,-88.83,,,195304,15,1845,195304,15,1845
1297426,36.33,-88.75,,,195304,15,1900,195304,15,1900
1297404,35.57,-77.18,,,195304,16,1100,195304,16,1100
1297389,32.6,-85.58,32.5,-85.0,195304,18,1700,195304,18,1700
1297510,32.3,-84.02,,,195304,18,1730,195304,18,1730
1297511,32.32,-84.52,,,195304,18,1745,195304,18,1745
1297512,32.5,-85.0,32.48,-84.92,195304,18,1750,195304,18,1750
1297066,35.37,-96.08,,,195304,23,1531,195304,23,1531
1297242,35.48,-94.22,,,195304,23,1900,195304,23,1900
1297067,33.9,-94.83,,,195304,23,2000,195304,23,2000
1297068,33.95,-95.08,,,195304,23,2010,195304,23,2010
1297069,34.03,-94.57,,,195304,23,2030,195304,23,2030
1297243,33.42,-94.0,,,195304,24,400,195304,24,400
1297040,31.72,-91.07,32.58,-89.77,195304,24,1400,195304,24,1400
1297345,41.83,-91.95,,,195304,24,1700,195304,24,1700
1297222,37.65,-121.0,,,195304,27,1515,195304,27,1515
1297070,36.45,-99.38,,,195304,28,1500,195304,28,1500
1297071,34.45,-95.3,,,195304,28,1615,195304,28,1615
1297090,41.73,-98.93,,,195304,28,1630,195304,28,1630
1297273,30.0,-97.17,,,195304,28,1815,195304,28,1815
1297091,40.88,-97.75,,,195304,28,1900,195304,28,1900
1297274,29.55,-98.53,29.58,-98.47,195304,28,2045,195304,28,2045
1297275,29.57,-98.7,,,195304,28,2100,195304,28,2100
1297411,32.48,-92.53,32.62,-92.42,195304,29,1230,195304,29,1230
1297513,32.33,-84.5,,,195304,30,1400,195304,30,1400
1297514,32.52,-83.88,,,195304,30,1600,195304,30,1600
1297515,32.6,-83.6,,,195304,30,1613,195304,30,1613
1297516,32.78,-83.5,,,195304,30,1630,195304,30,1630
1297517,32.7,-83.35,,,195304,30,1630,195304,30,1630
1297518,32.63,-83.7,32.67,-83.62,195304,30,1740,195304,30,1740
1297374,36.7,-81.98,,,195304,30,1745,195304,30,1745
1297141,35.0,-77.67,,,195304,30,1800,195304,30,1800
1297214,33.03,-86.75,,,195305,1,1715,195305,1,1715
1297215,33.22,-85.93,33.3,-85.75,195305,1,1930,195305,1,1930
1297216,33.62,-86.62,,,195305,1,2000,195305,1,2000
1297217,32.25,-88.38,,,195305,1,2000,195305,1,2000
1297427,36.03,-84.07,,,195305,2,215,195305,2,215
1297428,35.52,-84.78,35.52,-84.75,195305,2,300,195305,2,300
1297429,35.52,-84.75,35.53,-84.72,195305,2,310,195305,2,310
1297412,29.92,-91.0,,,195305,2,1500,195305,2,1500
1297391,36.62,-77.63,,,195305,2,1845,195305,2,1845
1297041,31.83,-89.43,,,195305,4,1030,195305,4,1030
1297042,34.92,-88.52,34.98,-88.38,195305,4,1115,195305,4,1115
1297043,30.85,-89.13,30.9,-89.05,195305,4,1200,195305,4,1200
1297397,33.12,-88.57,33.22,-88.45,195305,4,1500,195305,4,1500
1297218,33.92,-87.82,,,195305,4,1830,195305,4,1830
1297219,33.4,-86.97,,,195305,4,1900,195305,4,1900
1297340,44.38,-98.23,44.42,-98.2,195305,9,1805,195305,9,1805
1297083,44.57,-97.52,44.67,-97.47,195305,9,1900,195305,9,1900
1297092,42.3,-97.47,,,195305,9,2100,195305,9,2100
1297447,39.8,-97.9,39.98,-97.8,195305,9,2110,195305,9,2110
1297093,40.25,-97.57,40.3,-97.45,195305,9,2145,195305,9,2145
1297094,40.3,-97.45,40.77,-97.15,195305,9,2200,195305,9,2200
1297095,40.77,-97.15,40.77,-97.05,195305,9,2245,195305,9,2245
1297096,40.97,-99.47,,,195305,9,2300,195305,9,2300
1297072,34.88,-99.85,34.92,-99.8,195305,10,100,195305,10,100
1297097,40.93,-97.28,,,195305,10,110,195305,10,110
1297073,34.75,-99.65,,,195305,10,115,195305,10,115
1297074,34.85,-99.53,,,195305,10,115,195305,10,115
1297075,35.78,-98.75,,,195305,10,120,195305,10,120
1297448,37.87,-97.6,37.38,-97.12,195305,10,200,195305,10,200
1297248,36.98,-97.62,37.0,-97.6,195305,10,300,195305,10,300
1297449,37.0,-97.6,37.38,-97.12,195305,10,300,195305,10,300
1297450,38.35,-96.67,38.93,-96.05,195305,10,400,195305,10,400
1297451,37.33,-96.67,37.43,-96.63,195305,10,430,195305,10,430
1297452,37.9,-95.4,,,195305,10,530,195305,10,530
1297051,40.18,-95.93,40.05,-95.87,195305,10,600,195305,10,600
1297244,35.27,-93.17,35.28,-93.13,195305,10,1210,195305,10,1210
1297052,40.63,-95.87,,,195305,10,1330,195305,10,1330
1297166,37.55,-91.92,,,195305,10,1400,195305,10,1400
1297346,40.87,-93.33,40.93,-93.23,195305,10,1515,195305,10,1515
1297232,45.42,-95.75,45.67,-95.73,195305,10,1555,195305,10,1555
1297347,43.07,-93.52,43.17,-93.5,195305,10,1610,195305,10,1610
1297348,41.88,-92.45,,,195305,10,1630,195305,10,1630
1297349,43.17,-93.5,43.45,-93.38,195305,10,1630,195305,10,1630
1297233,43.75,-93.2,43.8,-93.07,195305,10,1700,195305,10,1700
1297266,43.45,-92.4,43.5,-92.38,195305,10,1730,195305,10,1730
1297234,43.5,-92.38,43.85,-92.17,195305,10,1745,195305,10,1745
1297267,42.95,-91.33,43.05,-91.28,195305,10,1800,195305,10,1800
1297235,43.85,-92.17,44.0,-92.08,195305,10,1810,195305,10,1810
1297133,44.0,-92.08,44.2,-91.85,195305,10,1820,195305,10,1820
1297440,44.83,-92.67,44.85,-92.65,195305,10,1830,195305,10,1830
1297441,44.2,-91.85,44.6,-91.37,195305,10,1830,195305,10,1830
1297442,44.85,-92.65,45.22,-92.38,195305,10,1835,195305,10,1835
1297443,44.6,-91.37,44.87,-91.07,195305,10,1855,195305,10,1855
1297444,45.22,-92.38,45.65,-92.17,195305,10,1910,195305,10,1910
1297376,44.87,-91.07,45.5,-90.42,195305,10,1920,195305,10,1920
1297377,45.65,-92.17,45.9,-92.03,195305,10,1935,195305,10,1935
1297378,45.9,-92.03,46.25,-91.75,195305,10,1955,195305,10,1955
1297276,31.53,-100.58,31.53,-100.42,195305,11,1415,195305,11,1415
1297249,34.93,-95.8,,,195305,11,1500,195305,11,1500
1297277,31.55,-97.15,31.75,-96.88,195305,11,1610,195305,11,1610
1297250,34.67,-97.15,,,195305,11,1630,195305,11,1630
1297278,31.32,-96.22,31.37,-96.07,195305,11,1830,195305,11,1830
1297430,35.08,-86.58,,,195305,14,1200,195305,14,1200
1297044,33.6,-88.62,33.68,-88.55,195305,14,1330,195305,14,1330
1297045,33.68,-88.55,33.82,-88.43,195305,14,1345,195305,14,1345
1297380,30.42,-92.23,30.57,-91.93,195305,16,330,195305,16,330
1297413,30.4,-92.23,30.42,-92.23,195305,16,330,195305,16,330
1297279,31.23,-95.57,31.25,-95.65,195305,16,1430,195305,16,1430
1297453,38.53,-96.87,,,195305,16,1530,195305,16,1530
1297414,32.43,-94.0,,,195305,16,1800,195305,16,1800
1297415,31.98,-93.0,32.1,-92.53,195305,16,1830,195305,16,1830
1297433,32.3,-92.75,32.3,-92.37,195305,16,2000,195305,16,2000
1297392,38.87,-77.85,38.87,-77.73,195305,17,1330,195305,17,1330
1297434,32.47,-91.75,32.6,-91.53,195305,17,1330,195305,17,1330
1297435,32.58,-91.53,32.75,-91.13,195305,17,1330,195305,17,1330
1297053,42.53,-101.97,42.6,-101.92,195305,17,1435,195305,17,1435
1297187,41.78,-85.77,41.85,-85.67,195305,17,1500,195305,17,1500
1297393,37.2,-80.0,,,195305,17,1630,195305,17,1630
1297436,30.75,-92.8,,,195305,18,1200,195305,18,1200
1297437,30.9,-90.8,,,195305,18,1330,195305,18,1330
1297280,31.8,-95.4,,,195305,18,1500,195305,18,1500
1297251,34.15,-97.13,,,195305,18,2030,195305,18,2030
1297223,39.75,-122.18,,,195305,19,1530,195305,19,1530
1297375,30.38,-87.25,,,195305,19,1830,195305,19,1830
1297268,42.15,-93.7,42.3,-93.3,195305,20,2100,195305,20,2100
1297354,42.3,-93.3,42.55,-93.05,195305,20,2120,195305,20,2120
1297355,42.55,-93.05,43.2,-92.4,195305,20,2145,195305,20,2145
1297356,43.2,-92.4,43.43,-92.32,195305,20,2210,195305,20,2210
1297357,41.98,-91.57,42.02,-91.38,195305,20,2210,195305,20,2210
1297358,42.02,-91.38,42.08,-91.02,195305,20,2245,195305,20,2245
1297188,42.92,-82.6,42.98,-82.42,195305,21,1521,195305,21,1521
1297056,40.65,-76.53,,,195305,23,1010,195305,23,1010
1297359,41.6,-92.1,,,195305,24,645,195305,24,645
1297398,46.98,-104.18,47.1,-104.07,195305,24,1700,195305,24,1700
1297405,38.77,-76.9,,,195305,26,1430,195305,26,1430
1297054,40.6,-99.1,,,195305,26,2330,195305,26,2330
1297454,39.58,-100.48,,,195305,27,1700,195305,27,1700
1297455,37.17,-101.3,,,195305,27,1700,195305,27,1700
1297456,39.82,-100.73,,,195305,27,1953,195305,27,1953
1297084,43.93,-104.05,44.12,-103.72,195305,28,2000,195305,28,2000
1297381,43.85,-104.32,44.38,-104.1,195305,28,2000,195305,28,2000
